id;first_name;last_name;email;gender;phone;address_line_1;address_line_2;city;country;license_no;license_image;license_image_content_type;nid;nid_image;nid_image_content_type;image;image_content_type;created_at;updated_at
1;Annabell;Walter;Miracle84@hotmail.com;MALE;811.826.6593;HDD;Tanzanian Shilling Lights;Gastonside;Kiribati;intranet index;73796e74686573697a65204261687261696e;image/png;Pre-emptive Bouvet Island (Bouvetoya) experiences;42656c697a6520446f6c6c6172204261636f6e;image/png;4c696169736f6e20636f70792070726f6772616d;image/png;2019-05-18T06:15:36;2019-05-18T07:05:27
2;Buck;Bartoletti;Kevin.Ratke87@gmail.com;MALE;416-357-5142 x47770;Credit Card Account Nevada;Persistent transparent Chips;Heaneystad;Czech Republic;vortals value-added;47656e6572696320416476616e636564;image/png;HDD Security Virginia;4d61696e6520436865636b696e67204163636f756e74206d61726b657473;image/png;436f6e6372657465;image/png;2019-05-18T01:18:34;2019-05-18T20:58:23
3;Rogelio;Dibbert;Rodolfo86@gmail.com;MALE;633.073.2870 x631;relationships JSON;web-enabled interactive capacitor;New Dandre;Antigua and Barbuda;Corporate Devolved;6672616d65206d756c74692d62797465206d6f64756c6172;image/png;Electronics;546f77656c73206170706c69636174696f6e73;image/png;426564666f72647368697265;image/png;2019-05-18T10:39:23;2019-05-18T17:30:25
4;Annalise;Hyatt;Herta_Ebert34@hotmail.com;MALE;034-855-0277 x4555;Knoll Borders;Computer Pants SDD;Romaguerabury;Ethiopia;Dynamic;63616c63756c6174696e67;image/png;withdrawal Toys white;4b69647320496e6372656469626c65;image/png;4c6963656e73656420566973696f6e61727920706978656c;image/png;2019-05-18T04:24:32;2019-05-18T05:34:52
5;Richmond;Windler;Tyreek20@yahoo.com;MALE;607-280-1185;infomediaries Chief;Money Market Account end-to-end navigating;New Alexys;Estonia;Money Market Account users Guinea;7472616e736d697420576f6f64656e20434f4d;image/png;Agent Squares;426564666f72647368697265;image/png;696e766f696365;image/png;2019-05-18T14:49:29;2019-05-18T01:19:12
6;Brenna;Leffler;Celestino68@hotmail.com;MALE;1-185-420-5464 x872;Games;tertiary;Port Moses;Montserrat;Credit Card Account;6e6963686573206472697665204972656c616e64;image/png;strategic;46616e7461737469632046726573682042616c6c;image/png;486f6d65204c6f616e204163636f756e74;image/png;2019-05-18T02:09:44;2019-05-18T13:31:13
7;Grace;Ondricka;Trenton.Collier21@hotmail.com;MALE;(158) 084-9513;connect Incredible;bricks-and-clicks;South Meagan;Panama;vortals Centralized;436f6c6f7261646f;image/png;archive solid state;417765736f6d65;image/png;6665656420696e766f696365;image/png;2019-05-18T01:24:43;2019-05-18T18:57:12
8;Stewart;Kuhlman;Dallin.Pouros94@yahoo.com;MALE;493.016.7219 x194;online program Refined Granite Gloves;quantifying Baby;Fredberg;Mauritania;Cliff;4b616e736173;image/png;Maldives bluetooth policy;496e7665727365204865616c7468204a424f44;image/png;486f6c792053656520285661746963616e204369747920537461746529;image/png;2019-05-18T02:24:29;2019-05-18T02:33:49
9;Pietro;Bernier;Adele76@hotmail.com;MALE;(465) 829-3704 x345;program Music Inlet;systematic;Lake Darrell;Mongolia;24/7;436f6e63726574652055736162696c697479206e657572616c;image/png;Generic;556e6465727061737320506572736f6e616c204c6f616e204163636f756e74;image/png;496e74756974697665;image/png;2019-05-18T02:19:12;2019-05-18T04:50:16
10;Lysanne;Fay;Rick23@yahoo.com;MALE;019-783-8069;EXE;Personal Loan Account Chile foreground;Nilsport;Paraguay;Salad indexing Pre-emptive;506572736f6e616c204c6f616e204163636f756e74;image/png;SDD Trail;54617374792046726573682050697a7a61204a6577656c657279206d6f6e69746f72696e67;image/png;436f6d707574657273205361696e742048656c656e6120506f756e64;image/png;2019-05-18T23:46:29;2019-05-18T13:02:40
