id;company_name;gender;phone;address_line_1;address_line_2;city;country;image;image_content_type;created_at;updated_at
1;dot-com payment Libyan Dinar;MALE;760-199-4929;out-of-the-box Automotive Tactics;Venezuela Wisconsin;Stehrton;France;65636f2d63656e7472696320426564666f72647368697265206d657368;image/png;2019-05-18T15:28:22;2019-05-18T02:28:40
2;UIC-Franc Arkansas Intelligent;MALE;(528) 378-6177;France protocol;open-source HDD;Bodeport;Albania;59656e;image/png;2019-05-18T05:50:48;2019-05-18T23:43:37
3;FTP Tools California;MALE;(159) 285-8020 x083;Brunei Darussalam interface;compress lavender Investment Account;Lake Amelyville;Malawi;46726f7a656e20416e616c7973742063617264;image/png;2019-05-18T23:57:35;2019-05-18T05:51:40
4;global mindshare;MALE;908.466.4019;ROI;Benin;Christfurt;United Arab Emirates;616c61726d204a616d61696361;image/png;2019-05-18T10:15:51;2019-05-18T07:25:29
5;Gorgeous Rubber Pants Cheese;MALE;1-000-038-9714;Handmade;online e-business;South Lysanne;Iceland;48545450206578706c69636974;image/png;2019-05-19T00:34:41;2019-05-18T09:55:30
6;Borders EXE payment;MALE;1-690-856-9856 x35614;Somalia Web revolutionize;invoice teal analyzing;North Gavintown;Argentina;48616e646372616674656420506c6173746963205368697274207175616e74696679696e67;image/png;2019-05-19T00:23:13;2019-05-18T16:46:14
7;directional Avon Solomon Islands Dollar;MALE;1-489-251-4758 x5974;incentivize;Louisiana JSON Texas;South Mariliemouth;Rwanda;6e617669676174696e6720656e636f64696e67;image/png;2019-05-18T03:27:11;2019-05-18T22:32:45
8;Small Frozen Salad bypassing;MALE;454.604.0263 x56279;neural Wooden Optimization;Tasty Rubber Car mindshare EXE;New Bianka;Vietnam;4175746f204c6f616e204163636f756e7420526566696e65642050726163746963616c;image/png;2019-05-18T08:07:20;2019-05-18T19:36:13
9;revolutionize;MALE;538.388.2999 x57337;Buckinghamshire;Oklahoma communities;Harberland;Jamaica;48616e646d61646520576f6f64656e20436865657365204672657368;image/png;2019-05-18T09:21:52;2019-05-18T07:05:04
10;Naira Versatile seize;MALE;498-099-5038;Tuvalu;Senior Optional Yemeni Rial;South Cassidystad;Croatia;4c656761637920556e6272616e64656420506c6173746963204368697073;image/png;2019-05-18T02:08:09;2019-05-18T23:33:24
